objectId,coord_ra,coord_dec,r_psfmag,g_minus_r,gaia_ra,gaia_dec,pmRA,pmDE
579574569233288887,6.27375303532635,-72.65272068183948,18.90884019422604,0.4961891123820336,6.27374066499,-72.65272014377,0.043,-1.698
579574569233289614,6.245090263918098,-72.64546112701241,19.004984563196675,0.5391148020480152,6.24508227257,-72.64546095835,0.475,-1.229
579574637952770307,5.66060060968879,-72.64726586152065,18.984816886845927,0.533891090021136,5.66059210773,-72.64726264614,0.881,-1.015
579574637952770684,5.557308037326564,-72.64730116539782,19.32546833815752,0.5960989626276891,5.55730302257,-72.64729859118,0.541,-1.041
579575187708578129,6.328469913763882,-72.61362573439222,19.24734186808344,0.5267358183369204,6.3284702154,-72.6136232268,0.673,-1.587
579575187708578169,6.339694517286464,-72.60660398579591,18.99927504481881,0.5793788274597205,6.33969430169,-72.60660002685,0.406,-1.035
579575187708578533,6.33708010156112,-72.53883683157012,19.37360327791661,0.5848872342376232,6.33707865137,-72.53883224312,0.421,-1.8
579575256428052757,6.281685845796622,-72.63518745001195,19.430161938684027,0.6220488993677158,6.281678961,-72.63518431844,0.867,-1.256
579575256428055052,6.073910184662538,-72.63487336766124,19.232827015901897,0.5264034060470806,6.07390917049,-72.63487217131,0.952,-1.363
579575256428055659,5.767181482253153,-72.62901584726409,19.12946855535924,0.5759278544280981,5.76716461552,-72.62901303602,0.174,-1.058
579575256428055662,5.864856563742912,-72.6409730986827,19.41185108826992,0.5667737942852646,5.86485669641,-72.64097123866,0.849,-1.191
579575256428055663,5.831670128499567,-72.62611264291041,19.53970649514673,0.6425660349090272,5.83165949523,-72.62611132566,0.796,-1.707
579575256428055670,5.804613799165901,-72.62319407810001,19.76953198407692,0.6545002645528903,5.80461670146,-72.62319138203,0.33,-1.099
579575256428056223,5.9031952226697,-72.63464649906099,19.221867619084016,0.5653364474578808,5.9031833992,-72.63464623984,0.326,-0.91
579575256428056249,5.887298547528425,-72.63697914985691,19.234190370270333,0.6200542177921449,5.88729850207,-72.63697772892,1.049,-1.274
579575256428056483,6.048663414602462,-72.62632435674722,19.242605604906352,0.5418822607891585,6.04866554507,-72.62632289477,0.833,-1.532
579575256428056579,6.11735660684392,-72.6210354663292,19.1859433016742,0.5826458963484953,6.11734773289,-72.62103168588,0.733,-0.8
579575256428056581,6.102163497892487,-72.62273533633686,19.265655871105366,0.5430782553892257,6.10215892634,-72.6227332649,0.662,-1.561
579575256428056663,6.173229596987069,-72.61966804743982,19.29458113812154,0.5320009977928457,6.17322728135,-72.61966443713,0.537,-0.879
579575256428057143,6.27484438869629,-72.59371382244701,18.811705958884914,0.5115731908672458,6.27484095535,-72.59370904178,0.478,-1.345
579575256428057144,6.278125827768879,-72.58364773854444,18.892245405118345,0.5346083133831776,6.27812145407,-72.58364458754,0.877,-1.346
579575256428057459,6.133200544631771,-72.58210719271979,19.26149814490692,0.5256344844011984,6.1332001525,-72.58210413253,0.456,-1.365
579575325147534023,5.49806135279912,-72.63790984197658,19.15776503128991,0.5251216071529257,5.49805362463,-72.63790640859,0.188,-1.297
579575325147534025,5.475861582818667,-72.63798660193443,19.28561819935969,0.5558807734873312,5.47586705103,-72.63798241253,0.423,-1.168
579575325147534028,5.435309499762576,-72.63975075316984,19.463738592899816,0.5865267890479657,5.43529670411,-72.63974724406,0.213,-1.465
579575325147534711,5.507204654248246,-72.61648616651102,19.03536897878526,0.5762131185043629,5.50722301315,-72.6164847608,0.023,-0.907
579575325147534715,5.479230344747566,-72.61592324778924,19.24589180285878,0.5615473944774294,5.47922742745,-72.61591917965,1.046,-0.307
579575325147534716,5.4927399026624855,-72.60858776194357,19.249523822132844,0.5298582001638188,5.49273758653,-72.60858290335,0.586,-1.144
579575325147535246,5.5522052345405335,-72.62672017178515,19.178649639392223,0.520317776147941,5.552199629,-72.62671753399,0.18,-1.024
579575325147535248,5.539345231606033,-72.63195362567777,19.440593864583043,0.589057725804782,5.53933853874,-72.63195169115,-0.069,-0.818
579575325147535411,5.583682894508942,-72.62658771931912,19.022075655704832,0.5647935498809851,5.58368135627,-72.62658312582,0.46,-1.691
579575325147535541,5.552033707726259,-72.61599969116274,18.9589350008,0.5020436429417785,5.55203243486,-72.61599555135,0.504,-1.436
579575325147535792,5.193831951169173,-72.60260937303713,19.24003077558597,0.536436963904741,5.19382596383,-72.60260673943,0.27,-1.185
579575325147535962,5.454591843617124,-72.6167599155117,19.090487532551123,0.5377645914554989,5.45458600862,-72.61675510117,0.577,-1.234
579575325147535963,5.466032682568294,-72.60777072346973,19.244144913773887,0.5179420059960975,5.4660152851,-72.60777127347,0.046,-0.931
579575325147536060,5.397035804090413,-72.59554476826787,18.76777044372913,0.5212474210551079,5.39691553407,-72.59553035082,14.76,-5.529
579575325147536061,5.364172304192175,-72.61021121039829,18.941985082453726,0.5550719299937938,5.36415599597,-72.61020783162,0.949,-1.155
579575325147536062,5.411460422400568,-72.59309574867059,19.070927914676204,0.5371063218623071,5.41145327334,-72.59309319434,0.595,-1.158
579575325147536063,5.36446960379438,-72.6021587480556,19.33911075382541,0.6131618035068342,5.36446569055,-72.60215483897,0.318,-1.595
579575325147536252,5.434624998253519,-72.60687940937153,19.43711435665377,0.6235369614178978,5.43462376604,-72.60687446808,1.057,-0.883
579575325147536335,5.558044391169284,-72.61130408120663,19.22816946496452,0.5455839194252299,5.55804147137,-72.61129988948,0.243,-1.4
579575325147536497,5.294828336963045,-72.60254496374338,19.505820736343573,0.607258023367546,5.29481521821,-72.60254118469,0.289,-1.234
579575325147536541,5.184619894754524,-72.59795619550563,19.38956160622241,0.6104930863894786,5.18461501694,-72.59795350974,0.444,-1.394
579575325147536908,5.505757686000203,-72.59467874365146,18.920343120636595,0.4691081769678042,5.50575641932,-72.59467498716,0.319,-1.229
579575325147536909,5.453540375234154,-72.58844476567728,19.08511495962546,0.5137881447854795,5.45353791301,-72.58844230531,0.427,-1.368
579575325147537214,5.538730472016547,-72.59777443305096,19.2316931913496,0.5195367072089851,5.53872610598,-72.59777101198,0.899,-0.963
579575325147537494,5.19112111085792,-72.57298523135205,19.07168681980535,0.5362942548204401,5.19111572879,-72.57298299487,0.556,-1.718
579575325147537766,5.593065932257249,-72.56165194302784,18.94654611856341,0.4811982356057385,5.5930648306,-72.56164884861,0.171,-1.456
579575325147537767,5.564969482351319,-72.5773632967556,19.05333428946633,0.520848793553288,5.56495400885,-72.57736056029,-0.112,-2.103
579575325147537768,5.552458005437948,-72.57741267987541,19.14398259205454,0.5185869091865491,5.55245357108,-72.57741121735,0.035,-1.47
579575325147538081,5.2380753810514005,-72.56777797586102,19.081928983844083,0.5173531426235414,5.23807138378,-72.56777468774,0.46,-1.3
579575325147538235,5.450536615575546,-72.56715984050895,19.32470345753471,0.5720956398146733,5.45053913348,-72.56715544798,-0.264,-1.636
579575325147538485,5.205730431138177,-72.55074598514598,19.25865284036088,0.5447377994192735,5.20573072717,-72.55074240863,-0.01,-1.425
579575325147538664,5.311705094042503,-72.55175278420214,19.044387236632765,0.5190431700765146,5.31170569976,-72.55174854488,0.496,-1.276
579575325147538844,5.329469808173704,-72.54272576406349,19.20578353869857,0.5084616700549986,5.32947289135,-72.54272191757,0.473,-1.189
579575325147539244,5.184145974637604,-72.52625338508452,19.16379608474695,0.5137160141835722,5.18415003059,-72.52624923506,0.574,-1.446
579575325147539582,5.33822169084036,-72.52781206863156,19.37761451333998,0.6119532726248877,5.33823161171,-72.52780866281,-0.144,-1.846
579575325147539644,5.209593869941323,-72.51854895822379,19.04423513338885,0.5167936571348442,5.20959458594,-72.5185447578,0.514,-1.287
579575325147539933,5.197747699740255,-72.50473447848704,19.330014142029405,0.5313239871449795,5.19774850144,-72.50473006408,0.602,-1.758
579575325147540195,5.256781161259063,-72.50911174458113,18.75497934399403,0.505044045825155,5.25677486572,-72.50910936483,0.679,-0.777
579575325147540196,5.252935660609118,-72.51736732567116,19.1774899250218,0.5262496043026523,5.25293089082,-72.5173623085,0.755,-1.418
579575325147540429,5.251241343759386,-72.49743130060334,19.10784177004327,0.5558885909248303,5.25123205342,-72.49742942754,1.111,-0.56
579575325147540699,5.284222643135167,-72.49709107887217,19.014289304711912,0.5415855883022651,5.28421775528,-72.49708850271,0.54,-1.149
579575325147540751,5.520097499758383,-72.48775342505077,19.315386093983584,0.5315935559766061,5.52009851418,-72.48774949026,0.702,-1.277
579575325147540901,5.213558491047761,-72.48210266109837,19.27575642620821,0.52496252875099,5.21354988499,-72.48209905049,0.371,-1.024
579575393867012073,5.137328721345997,-72.61080671598079,18.851559455258403,0.5079958802916096,5.13732560942,-72.61080252192,0.153,-1.591
579575393867012074,5.108688910572533,-72.61311778914474,19.05096877608513,0.4749147414125971,5.10868977111,-72.61311299877,0.612,-1.307
579575393867012583,5.078604557609181,-72.59246530402763,18.93357701038964,0.5146733030870791,5.07860271183,-72.59246352669,0.541,-0.86
579575393867012782,4.99249569937469,-72.5857382656048,19.03016121013257,0.5101135198516396,4.99251235943,-72.58572717536,0.76,-1.481
579575393867012928,5.131013933083767,-72.58074975911633,19.578074226037018,0.5947047826560627,5.13101899916,-72.58074343444,0.073,-1.417
579575393867013120,5.017148112325649,-72.57517438396712,19.100292749166943,0.5585817180060779,5.01714444506,-72.575172398,1.579,-0.83
579575393867013122,4.990115192541006,-72.57139409167688,19.21958267601991,0.6077141908257779,4.99011369618,-72.57139151522,-0.146,-1.147
579575393867013422,5.11494009447428,-72.55126483340406,19.133246986245272,0.5416012934604595,5.11493855476,-72.55126268981,0.441,-0.726
579575393867013423,5.081208385304366,-72.54503249308904,19.14388245402252,0.4973802810801224,5.0812288184,-72.54503344191,1.201,-1.089
579575393867013616,5.052075066794394,-72.55784515487913,19.189212053091687,0.5304892512213968,5.05206877663,-72.55784166433,0.881,-1.016
579575393867013617,5.031184587615535,-72.558592725456,19.26429504448153,0.5511624605946999,5.03117841434,-72.55859057511,0.527,-1.31
579575393867013741,5.006625399231752,-72.56224589150632,19.32160503611101,0.5434169214130158,5.00661602062,-72.56224491423,0.316,-0.976
579575393867013848,5.010545863441835,-72.54752321814553,19.23001484557797,0.5489318842894839,5.01053802659,-72.54752067293,0.321,-1.449
579575393867013998,5.161825279304857,-72.55678190359016,19.241016334518115,0.5279173425358863,5.16182399527,-72.55677849777,-0.104,-1.485
579575393867014216,4.960653465405312,-72.54596138670748,19.08656232593397,0.4828531164459946,4.9606442617,-72.54595903471,0.232,-1.214
579575393867014217,4.987405398781941,-72.54453611747958,19.211422323722232,0.5232072153095082,4.98739760149,-72.54453381839,-0.018,-1.43
579575393867014396,4.952003093328289,-72.532674562457,18.925508884912823,0.4855258208264175,4.95199549417,-72.5326719278,0.771,-1.592
579575393867014829,4.921943753048736,-72.52477258920541,19.141941516748,0.5344780496990893,4.92193669434,-72.52477024353,1.013,-0.782
579575393867014909,5.059756449445373,-72.53107083684122,19.024874094022188,0.5610813039982574,5.05975314031,-72.53106780308,1.02,-1.309
579575393867014921,5.110811706518624,-72.5265637689072,19.17622653137954,0.5097138569457158,5.11081322914,-72.52655720592,0.002,-1.327
579575393867015097,4.879269717796101,-72.5283617204995,19.37715579452361,0.625628368731288,4.8792658865,-72.52835888788,0.56,-0.689
579575393867015254,4.92408452518077,-72.51917506340442,19.313960660067927,0.535417003903305,4.92407920203,-72.51917332916,0.4,-1.277
579575393867015396,5.076014966516669,-72.51563305636283,19.188601309788933,0.5184482696517989,5.07601508706,-72.51562962956,0.754,-1.521
579575393867015614,4.931516752214118,-72.51505221430322,19.11848585680884,0.5366427648974188,4.93151201582,-72.51504877314,0.417,-1.345
579575393867015615,4.94681028207378,-72.51739381882683,19.27908790050696,0.551116759365847,4.94680799619,-72.51739057034,0.213,-1.649
579575393867015861,4.848383578672797,-72.5115203333217,19.18377913572096,0.5293606289333681,4.8483805705,-72.51151738629,0.142,-1.202
579575393867015968,5.1087285129821085,-72.49669222994375,19.06285265493928,0.5390947568547304,5.10873463869,-72.49668756355,0.495,-1.329
579575393867016680,4.979356499008284,-72.50043463298717,19.137844124849664,0.5136275367452718,4.97935130391,-72.50043136265,0.51,-1.249
579575393867016759,4.945814429158266,-72.4962467406837,19.419375381203835,0.5867628661867812,4.9458115217,-72.49624250245,0.437,-1.601
579575393867016974,4.852262572276569,-72.49448306314692,19.1291754047162,0.4900623121500089,4.85225972197,-72.49448013475,0.927,-1.146
579575393867017107,4.939227570484033,-72.49188354958706,19.43791091761928,0.5952871934958885,4.9392247748,-72.49188035602,0.353,-1.188
579576081061778402,4.898491838112671,-72.47784529474013,19.200054117157467,0.6075192096813247,4.89848798533,-72.47784159138,1.078,-1.178
579576081061778854,5.015554515665816,-72.47105598381715,19.273425687839094,0.5332120129160209,5.01555700831,-72.47105011186,0.554,-1.42
579576081061779457,4.748706213909051,-72.45769052215834,19.21458995824077,0.5294619295858318,4.74870542842,-72.45768738482,0.222,-1.186
579576081061779683,5.162157504331398,-72.47647178889953,18.79778813782151,0.4829158010513694,5.16215371518,-72.47646761516,0.478,-2.054
579576081061779855,5.067686673834023,-72.44404847769789,19.120057377662228,0.5298476110597008,5.06768254001,-72.44404604945,0.801,-1.658
579576081061779856,5.069399386537109,-72.47037942521689,19.211273172306367,0.5227784451126958,5.06939927805,-72.47037413106,0.128,-1.334
579576081061779857,5.093208598132671,-72.45136280089531,19.26127912871523,0.5492284489130981,5.09320558614,-72.45135961312,0.298,-1.235
579576081061779859,5.009454934728597,-72.45409183289763,19.32359197883176,0.5955761414414553,5.0094604824,-72.45408732699,0.114,-0.968
579576081061780631,4.882251862939976,-72.46657961950724,19.45471928365068,0.5968621172651609,4.88224812222,-72.46657685142,0.924,-1.119
579576081061780692,4.911177117295385,-72.45588738427604,19.00766149435094,0.5140414891053524,4.91118040555,-72.45588338383,0.412,-1.537
579576081061780693,4.874497420938148,-72.43937979859446,19.03409859524899,0.4962264665895439,4.87449857785,-72.43937706144,0.735,-1.372
579576081061780695,4.8936476444476975,-72.44551651403233,19.17498438416564,0.532183999578411,4.8936485883,-72.44551221203,0.646,-1.525
579576081061780696,4.936147691283702,-72.46001981070825,19.348963289803983,0.5959790073105466,4.93614387114,-72.46001528927,0.666,-1.343
579576081061780866,4.796242569004146,-72.45321956994653,18.85090126943024,0.5177139225202225,4.79624011296,-72.45321823172,0.898,-1.181
579576081061780903,4.868019345094262,-72.46109682260992,19.210261856184687,0.5258383385049328,4.86801822465,-72.46109490635,0.179,-1.491
579576081061781045,4.96184336222386,-72.4590389801177,19.019809786987224,0.54210012384614,4.96184353489,-72.45903519893,0.497,-1.416
579576081061781046,4.968062129305977,-72.45981282519884,19.118756317289293,0.4873051022595156,4.96806132085,-72.45980946613,0.61,-1.098
579576081061781227,4.771779405716783,-72.4500980684445,19.46690977921699,0.5874240085969618,4.77177269124,-72.4500970144,0.045,-1.592
579576081061781228,4.765570304337202,-72.44843156263218,19.556916408299053,0.6025642052445122,4.76556695395,-72.44842986459,0.404,-0.566
579576081061781560,4.68716990541564,-72.44657788628544,19.27583268488901,0.625262661367799,4.68717061737,-72.44657488007,0.538,-1.372
579576081061781996,4.810246998020571,-72.43091021314399,18.72935099782629,0.5270886449810916,4.81024485662,-72.43090718395,0.558,-1.702
579576081061782297,4.646434079769961,-72.4373157760445,19.17531771432325,0.5460176734706721,4.64643905053,-72.43731296853,0.84,-1.47
579576081061782655,4.639514258344248,-72.42582340985743,19.08486180089041,0.5203463359048115,4.63951012562,-72.42582166702,0.323,-1.267
579576081061782847,4.695181517174625,-72.42399179591098,19.15216215521937,0.4974281966423142,4.69517417022,-72.42398841053,0.781,-1.4
579576081061782848,4.708808836813184,-72.425501480579,19.24354694606532,0.550923086711002,4.70881006903,-72.42549694713,0.488,-1.359
579576081061782897,4.839961800779864,-72.42189430367063,18.996279578262342,0.5413714912107785,4.83995497522,-72.42189265894,0.776,-1.098
579576081061782898,4.821065657670373,-72.42255651306566,19.31287761277165,0.6200503131609842,4.82106470539,-72.42255355885,0.761,-1.033
579576081061783323,4.835974894282848,-72.41224791014446,19.10157267541838,0.4892286804143779,4.83597101405,-72.41223899388,-0.025,-1.471
579576081061783426,5.040407452461338,-72.41562699063559,19.360693116182112,0.6515818674083391,5.04040307273,-72.41562519385,-0.104,-1.207
579576081061783554,4.733310713659316,-72.4112759188925,18.96044244628615,0.5179183726336163,4.73331979894,-72.41127438355,0.237,-1.061
579576081061783772,4.861170750775975,-72.39796960601073,18.95595664963962,0.5066749995165871,4.86116715195,-72.39796579444,0.377,-1.048
579576081061783927,4.733800473296127,-72.39867639103404,19.4830345753188,0.6098317141454501,4.73380342564,-72.39867069237,0.915,-0.76
579576081061784018,4.764130971919834,-72.39814225684424,19.35572307232298,0.632723290936525,4.76412756133,-72.39813726918,0.733,-1.431
579576081061784163,4.686508928711921,-72.38907924275046,19.155397588178595,0.5070534386537062,4.68650635692,-72.38907268575,0.578,-1.147
579576081061784164,4.697728427624181,-72.38133178822552,19.312377727362417,0.5845432105169373,4.69772541148,-72.38132523887,0.044,-1.376
579576081061784312,4.809280339083164,-72.38166782781559,19.05294594531334,0.5175204714165957,4.80926994117,-72.3816640514,0.439,-1.565
579576081061784413,4.761840495871252,-72.36907483268523,19.386249447528,0.6222424624091616,4.76183558731,-72.36907161543,0.599,-1.518
579576081061784414,4.76050389027789,-72.37979814579711,19.356733335347045,0.5486639787584267,4.76049909469,-72.37979376409,-0.062,-0.965
579576081061784665,4.674391771716686,-72.38033931216142,18.87483557903313,0.4606973835551784,4.67438620236,-72.38033326964,0.358,-1.231
579576081061784767,4.792430573959412,-72.37846646627196,19.143034359064675,0.5526471645789641,4.79242201062,-72.37846300769,-0.052,-1.589
579576081061785242,4.979510615054116,-72.36754647625023,19.142349891522688,0.5665666495557922,4.97959168167,-72.36753684039,0.352,-1.412
579576081061785518,5.009867525633,-72.36313417280651,19.03369970443756,0.5360133190470613,5.00985995402,-72.36313146819,0.13,-1.3
579576081061785559,4.862754367631401,-72.35719319888244,19.06842473893288,0.50408104699925,4.8627481601,-72.35719079719,0.458,-1.451
579576081061786075,4.62474342529394,-72.33062627192467,18.96853431943876,0.5017476788464066,4.62473587024,-72.33062480058,0.637,-1.46
579576081061786274,4.718360841753512,-72.34127993842924,19.2557183311856,0.617125039022703,4.71835225853,-72.34127893093,0.141,-1.111
579576081061787024,4.755348398237909,-72.31719296669773,19.17040268238248,0.5728434433056186,4.75534510009,-72.31718948357,0.42,-1.551
579576149781259226,4.54141141146458,-72.41729683032665,18.78519817286849,0.5363010583947521,4.54142104553,-72.41729703887,0.267,-1.101
579576149781259739,4.60079809720665,-72.3989206353328,19.0250173224198,0.5614699058425217,4.60079791035,-72.39891573706,0.18,-0.793
579576149781261262,4.57844470476164,-72.37008423718875,19.23133185581481,0.5630644235429934,4.57840144163,-72.37006986752,10.819,-0.688
579576149781262624,4.600246451048066,-72.33091014501295,19.18954535079804,0.5351878833657722,4.60024033906,-72.33090822052,0.367,-0.859
579576768256543606,4.685643799850381,-72.31503834069912,19.33962462911205,0.5497430358525826,4.68563702065,-72.3150374036,0.273,-1.229
579576768256543937,4.785208830345377,-72.30231286901363,18.788701279731896,0.4909792218471729,4.78520668206,-72.30230788788,0.529,-1.346
579576768256543939,4.757937419084726,-72.29432606645956,19.144281680650472,0.5638985826545451,4.75793512527,-72.29432278248,0.685,-1.407
579576768256543941,4.689127931234994,-72.30331600849016,19.19483086624464,0.6079267397862047,4.68911938521,-72.3033149283,0.603,-1.079
579576768256543942,4.799045945534869,-72.29478652199023,19.191022947304248,0.5393802129299345,4.79904479513,-72.29478256704,0.439,-1.284
579576768256543945,4.706589482335965,-72.28245604139944,19.34692301265037,0.544947341422148,4.70658919499,-72.28245469343,0.494,-1.228
579576768256544595,4.723004400802778,-72.30490883404809,19.049102819849693,0.4802954175487599,4.72300033598,-72.30490672222,0.11,-1.385
579576768256545147,4.700011907096865,-72.25974717274536,19.20852060336668,0.5652845642019777,4.70000849485,-72.25974567976,0.151,-1.147
579576768256545471,4.627827596772059,-72.2625202154781,19.28345674853792,0.5723966639199318,4.62784987549,-72.26253807687,-1.27,-1.544
579576768256545674,4.759176652179852,-72.25213295961639,19.222544519366,0.5216594556850609,4.75917541847,-72.25212982915,0.809,-1.438
579576768256546033,5.064111794712633,-72.24480518585277,18.64320575842573,0.5020011117564138,5.06410761576,-72.24480212898,0.108,-0.882
579576768256546044,4.818470195065609,-72.23395245318963,18.93350159893156,0.5078622657416005,4.8184696464,-72.23394818349,0.514,-1.171
579576768256546151,4.643333912742418,-72.2462683685897,19.53964824322281,0.6395480171793189,4.64329846938,-72.24626565803,3.614,-2.905
579576768256546549,4.688314190018848,-72.23336636173049,19.243362708920053,0.6073801548611115,4.68830557224,-72.23336160981,1.182,-2.251
579576768256546559,4.639529064965295,-72.23012137999665,19.392429699518782,0.602545655375696,4.63952536516,-72.23011633723,0.692,-1.702
579576768256546685,4.654924711473635,-72.20996148067539,18.85104299383152,0.5333025209188094,4.65492351549,-72.20995734322,0.487,-1.261
579576768256546698,4.777301240192391,-72.21272028848902,19.282976258906537,0.5313960365218513,4.77730014917,-72.21271679663,0.571,-1.538
579576768256546699,4.648563215025847,-72.21759756817964,19.358937960249783,0.6147172311736959,4.64856056766,-72.21759319169,0.003,-1.049
579576768256547234,4.854379713755466,-72.2147897373096,19.34144383465265,0.561738766498614,4.85437838632,-72.21478589166,0.17,-1.486
579576768256547771,4.756762691800716,-72.1914696595718,19.363639581785417,0.6105153204461722,4.75676405069,-72.19146678764,-0.039,-1.693
579576768256548034,4.648746399809388,-72.18129356805072,19.12230717854787,0.5110852759071633,4.64873660629,-72.18129314831,1.081,-1.519
579576768256548482,4.639495258842936,-72.15085638406103,19.60454451194706,0.6017492897812105,4.63949121927,-72.15085522341,0.463,-1.133
579576768256548688,4.8040957704476,-72.16925685587806,19.16133475162183,0.5330882282299392,4.8040956025,-72.16925333901,0.362,-1.318
579576768256548879,4.755985298821592,-72.16008653316008,19.56816346236257,0.6239908668252063,4.75597054581,-72.16007149885,0.829,-1.681
579576836976027457,4.420376722367533,-72.2088859902957,19.18775471809583,0.5325901374256574,4.42037401939,-72.20887893691,1.387,-1.309
579576836976028199,4.483482498172236,-72.18322821753985,19.21465319901536,0.5177165238005692,4.48348306877,-72.1832240486,0.257,-1.035
579576836976028279,4.589127824371703,-72.18246794477669,19.27961829094156,0.5945972376065214,4.58912351796,-72.18246415232,0.125,-1.174
579576836976028302,4.546911363675357,-72.18349995785927,19.14360035442586,0.5274691779686052,4.54691179865,-72.1834961861,0.574,-1.065
579576836976028851,4.598190347553391,-72.16386999505472,19.53869059248545,0.5819453111096458,4.59818112835,-72.16386733885,0.806,-1.574
579577180573402483,6.839839396304038,-71.98676859789369,19.7444747024134,0.6626088436488047,6.83983299978,-71.98676433117,0.479,-1.105
579577455451310953,4.6263783714081415,-72.1237793411054,19.425891734925223,0.6041966679498216,4.62637614308,-72.12377558893,0.403,-1.321
579577455451311349,4.719971134391806,-72.12938971557112,19.02519045890836,0.4808545243215043,4.71991885509,-72.12938021604,6.802,-3.703
579577455451311779,4.767664195594456,-72.09345517750513,19.343222713332217,0.5611199978489267,4.76765437798,-72.09345438033,0.311,-1.372
579577455451312219,4.757303476151952,-72.04950676766751,19.2004376302394,0.506443932876337,4.75730067062,-72.04950479437,0.477,-1.498
579577455451312220,4.755622353780116,-72.04481983948689,19.288777087779376,0.5328891998996852,4.75562031327,-72.04481744207,0.469,-0.895
579577524170793862,4.58395232902431,-72.12306335545999,19.507088495887693,0.5970607529246479,4.58394856808,-72.12305938556,0.159,-0.876
579577524170794190,4.480980372955889,-72.10860738065861,19.161135574197687,0.548188349069541,4.4809734852,-72.10860304039,0.529,-1.291
579577524170794366,4.5341617912569845,-72.10934201931107,19.28591092181656,0.5410969482320418,4.53415110622,-72.10933862049,0.499,-1.453
579577524170794495,4.378833891521918,-72.10405750509142,19.316358002504607,0.536915188712733,4.37883346165,-72.10405287971,0.289,-1.363
579577524170795188,4.479488662021725,-72.0876658492984,18.979105698499943,0.5491776710173646,4.4794810274,-72.08766240665,0.709,-1.267
579577524170795572,4.42751088385059,-72.0793853422116,19.18189878248232,0.5686290828044314,4.42750148275,-72.07938091246,0.248,-1.599
579577524170795573,4.432109670784703,-72.08195587968788,19.19720577909828,0.582208561112715,4.43210179431,-72.08195225187,0.523,-2.021
579577524170797086,4.614730608257127,-72.04330046562988,19.26447266359243,0.5197374726417969,4.61472600194,-72.04329870414,0.282,-0.928
579577524170797228,4.5577106114069,-72.03607815191982,18.978449012462537,0.5376342566477028,4.55770498696,-72.03607512162,0.613,-1.519
579577524170797393,4.494822399659045,-72.04564838962995,19.16558053695624,0.5075903160605009,4.49481543559,-72.04564675099,0.5,-1.067
579577524170798299,4.477790255944125,-72.01627172052422,19.25209266494359,0.5190231414671196,4.47778423249,-72.01626998451,0.534,-1.453
579577524170798884,4.556723649415004,-72.00330478195002,19.221656794525646,0.5332758450220503,4.55672211715,-72.00330500013,0.68,-1.327
579577524170799053,4.489018885052363,-71.9934184273737,19.67992956810278,0.6150551212514728,4.48900814494,-71.99341724504,0.522,-1.334
579577524170799140,4.472921479581838,-71.99127209983696,19.680423507719382,0.6471087563051903,4.47291105317,-71.99127080925,0.389,-1.771
579577867768171511,6.9147839944781175,-71.84360139804664,19.07607663505901,0.5139232178976485,6.91477485113,-71.84359889442,0.9,-1.729
579578073926600593,5.421357716393519,-71.83428389526198,19.409774316143093,0.6387374264430861,5.4212523557,-71.83426517603,12.403,-2.673
579578073926600639,5.3928949865703455,-71.8235893720489,19.24471070156524,0.5433086968275376,5.39289072285,-71.82358563461,0.565,-1.252
579578142646081626,4.66051110631623,-71.97994129362223,19.233894189315027,0.6146060261082233,4.66051320946,-71.97993615582,-0.155,-1.163
579578142646082039,4.859641644650879,-71.97475842726624,19.02772460667387,0.5808309661848199,4.85963731552,-71.97475599515,0.543,-1.3
579578142646082335,4.737635435888686,-71.96117107028664,19.036682024461463,0.5218207782186255,4.73763568423,-71.96116595616,0.428,-0.902
579578142646082337,4.722351966469209,-71.96191037655791,19.281404202512512,0.5289162085283046,4.7223509948,-71.96190578201,0.311,-1.04
579578142646082735,4.756207725479376,-71.95494753160851,19.237930903198784,0.629846121430301,4.75620287458,-71.95494246637,0.421,-1.336
579578142646083788,4.838940375436957,-71.93134269288797,19.34479558549908,0.5406629439566295,4.83893109604,-71.93134133907,0.048,-1.367
579578142646084821,4.976500772113625,-71.90509426512757,19.10601008881666,0.4897792122599718,4.97649546563,-71.90509255921,0.463,-1.659
579578142646085348,4.835528453321606,-71.90226317887497,19.395822194823413,0.5511546204554669,4.83552358651,-71.90225995318,0.752,-1.536
579578142646086234,5.032093845670268,-71.88121301405236,19.183073236265955,0.5390140995248061,5.03209351051,-71.881210314,0.726,-2.033
579578142646087221,5.047294854041759,-71.86939779976437,19.118535856316875,0.5928414216988465,5.04729106042,-71.86939431992,0.76,-1.53
579578142646087384,5.027511292877938,-71.86457621838461,18.771436477816003,0.4792678377382593,5.02750812756,-71.86457241461,0.484,-1.464
579578142646087815,4.838081882629991,-71.85178559361167,19.002889910475403,0.5206693187272471,4.83807393754,-71.85178436837,0.576,-1.159
579578142646088826,4.887114263992928,-71.83772441628234,19.01038147461687,0.5401356044405397,4.8871091653,-71.83772275243,0.669,-1.435
579578142646089187,5.147598710976748,-71.83002023376514,18.943789959244352,0.5500850561136872,5.14750499491,-71.83001492978,12.403,-2.269
579578211365556471,4.517253041993135,-71.9644615302985,18.98383661934716,0.5409185150866023,4.51724640761,-71.96446116774,0.012,-1.024
579578211365556755,4.604538422366356,-71.95577240069771,19.168979271255285,0.5986968169401159,4.60453284511,-71.95576999794,0.619,-1.347
579578211365557339,4.590669900161021,-71.92338262756074,18.964008467357544,0.503736856660506,4.59067360559,-71.923377729,0.214,-1.039
579578554962943263,6.875569162982074,-71.72446189824306,19.13345909640176,0.5957532355823751,6.87556413638,-71.72445848387,0.168,-1.631
579578554962943267,6.853804790342819,-71.73218046343365,19.42605661931558,0.6277755010814197,6.85379667245,-71.73217626169,0.608,-1.046
579578554962943660,6.780326263114721,-71.70385043962366,18.97038916178188,0.5144599168710791,6.78031270317,-71.7038476063,0.408,-1.473
579578554962943667,6.765658213180656,-71.69968370581769,19.157947563163248,0.5182032460747408,6.76565098286,-71.69968203766,1.006,-1.405
579578554962943669,6.80004592792104,-71.70687970498165,19.255937641167453,0.5438011585773879,6.80002967074,-71.70687739479,0.737,-1.66
579578554962943670,6.7760437666090105,-71.71447055921738,19.320309574192564,0.6414953562350618,6.77603578285,-71.71446856786,0.307,-1.023
579578554962943671,6.80024210331521,-71.70010549878144,19.297432150660114,0.5611092436333642,6.80023312282,-71.70010256753,0.595,-1.393
579578554962945346,6.821437909473502,-71.7009272291129,19.35700207067676,0.5422200444475607,6.82143550062,-71.70092414414,0.695,-0.931
579578623682416586,6.297534488778273,-71.75922398086976,19.128838243156004,0.4881465384688468,6.29753073583,-71.75922137798,0.505,-1.254
579578623682417406,6.565376170330719,-71.68887806517866,19.12443689967905,0.5033408051189525,6.56536935844,-71.68887584502,0.672,-1.238
579578623682417407,6.535417525949708,-71.68022230565356,19.21192348694967,0.5238142828666028,6.53540970711,-71.68022014324,0.166,-1.323
579578623682417553,6.731778442794305,-71.68144035874215,19.17533006589853,0.5330159146019611,6.73176878714,-71.68143927206,0.366,-1.495
579578623682417576,6.645139731771019,-71.68144974791582,18.771802670005403,0.5186031302832532,6.64513948656,-71.68144446089,0.569,-1.531
579578623682417640,6.583990442895869,-71.67494469310118,19.325194620631173,0.5597480182225958,6.58399657538,-71.67494195864,0.534,-1.285
579578623682417811,6.236471903484483,-71.66641643103395,19.371289489494828,0.5567816149825333,6.23643101451,-71.66641461725,0.786,-1.022
579578623682418115,6.547920570907201,-71.67336506391769,18.94285837970169,0.5134321869023495,6.54791905173,-71.67336006243,0.408,-1.391
579578623682418823,6.447396289943876,-71.64997637451074,19.40527440026023,0.5523377177747513,6.44738629192,-71.64997433994,0.516,-1.271
579578623682419079,6.560116770632921,-71.6411742742655,19.37070283194844,0.5972874818344813,6.56011040517,-71.64117422304,0.584,-0.932
579578692401893335,6.206794391724291,-71.77353368135022,19.18404432449253,0.5242192406850315,6.20678977218,-71.77352927871,0.106,-0.977
579578692401893726,5.7101303688846,-71.7387761267195,19.30210479691386,0.6196428030383849,5.71012360682,-71.73877389302,0.305,-1.081
579578692401893875,5.798584152960042,-71.72123958176131,19.21527322166103,0.6146460609396556,5.798582362,-71.72123750876,0.379,-0.933
579578692401894304,5.877463284957794,-71.70917135808435,19.23444888793216,0.592915532172551,5.87745709523,-71.70916865026,0.533,-1.315
579578692401894424,5.757762153697727,-71.72494448186262,18.921514152179267,0.5239253950746168,5.7577585614,-71.72494089388,0.466,-1.327
579578692401894426,5.720580388748223,-71.7243831365548,19.298106082416936,0.6254823030596413,5.72057935341,-71.72437879886,0.074,-0.977
579578692401894563,6.074039801321593,-71.70481657307816,19.24900441831292,0.5218225864146895,6.07403559301,-71.70481165439,0.661,-1.482
579578692401894726,5.713408947448727,-71.71335974954597,19.23295449112433,0.5176890484085348,5.71341048137,-71.71335583201,0.626,-0.996
579578692401894914,6.173907035926798,-71.71631946153944,18.95193100024834,0.5443249007480908,6.17390649935,-71.71631529169,0.332,-1.15
579578692401895235,5.783548647000067,-71.71069345923269,18.659102690451736,0.4931984652038892,5.78354524497,-71.7106852883,0.59,-3.05
579578692401895293,5.844619217303334,-71.70695049378072,19.26519981664351,0.609110489982811,5.84461574652,-71.70694682019,0.651,-1.398
579578692401896753,6.0757815563143245,-71.69021379310144,19.212479626130182,0.5923848772555473,6.07577848193,-71.69020896525,0.839,-1.472
579578692401896838,6.1774091198045005,-71.66602855532204,19.23244341269522,0.6151115417071864,6.17740022927,-71.66602592779,0.254,-1.352
579578692401897792,6.12003071520714,-71.66528679377116,19.163218384686115,0.5055512789982721,6.12001864004,-71.66528380076,1.084,-1.549
579578692401897822,6.160167193619997,-71.64554200449099,19.1160883771804,0.5886435530156753,6.16017754142,-71.64553452911,0.081,-1.39
579578692401897823,6.149641187599456,-71.64984070331559,19.081993175526165,0.4929975045566657,6.14963369124,-71.64983791143,0.216,-1.735
579578692401897824,6.14664834362731,-71.66688513668188,19.291812669855137,0.5266199679687382,6.14663727748,-71.66687870301,0.646,-1.838
579578692401898520,5.913747231398195,-71.65962255931396,19.06168349943352,0.5834367575685278,5.91374676896,-71.65962109431,0.657,-1.458
579578761121370854,5.441381365680412,-71.77710243818368,19.161712490634592,0.4934821958580428,5.44138074485,-71.77709831125,0.581,-1.436
579578761121370990,5.614273889296959,-71.75189805668013,18.59786290931749,0.4965695506852583,5.61422629996,-71.75190522784,6.814,4.515
579578761121370999,5.58035699906354,-71.75858134839574,19.16750476395077,0.5482875682684103,5.58032468931,-71.75857861268,1.224,-0.845
579578761121371001,5.544152733802036,-71.76435490901612,19.23302976155173,0.515943453722695,5.54414566005,-71.76435224108,0.32,-1.335
579578761121371702,5.662771001833254,-71.73498299806649,19.65982727565371,0.6360111213767681,5.66271602084,-71.73495830268,6.801,-9.896
579578761121372269,5.60935924674112,-71.70387698359222,19.552952795015926,0.6870207333468912,5.60935118337,-71.70385811364,1.456,-7.299
579578761121372629,5.551347557271514,-71.72819886592512,19.014819056381107,0.5481766832955088,5.55134263472,-71.72819734445,0.838,-1.412
579578829840853036,4.967558655404436,-71.79705952577736,19.051500057863173,0.5456928761750035,4.96755990229,-71.79705288787,0.346,-1.095
579578829840853092,5.102167583083243,-71.80265521775561,18.948427954801147,0.5612067559385743,5.10211905386,-71.80265859625,0.429,-0.869
579578829840853400,4.991173334377744,-71.78772002806146,19.012564219791457,0.5641912109493781,4.9911724485,-71.78771443876,0.82,-1.245
579578829840853952,4.942474367069001,-71.78282345990556,19.26081249117032,0.55756658598564,4.94247601518,-71.78281679594,0.693,-1.339
579578829840854254,4.996021435844052,-71.77053961500987,19.40975050959455,0.6002853278071107,4.996019311,-71.77053632101,0.53,-1.159
579578829840854804,5.054988894515041,-71.7659210746255,19.684473366188897,0.6101971498787329,5.05498038221,-71.76592057299,0.187,-1.266
579578829840856089,4.920618524091967,-71.74703271784517,19.37024375336555,0.633226780666714,4.92061544357,-71.74703020877,0.408,-0.889
579579310877184401,6.348209197028753,-71.62912928454612,19.336522702060883,0.6154260550724899,6.34820903047,-71.62912076351,0.643,-0.949
579579310877184403,6.372141610558681,-71.62991573170594,19.822284759516712,0.675808782528712,6.37213681884,-71.62991173109,0.96,-1.302
579579310877185325,6.20975776491151,-71.62005723768986,19.15387666721183,0.5557994489439402,6.20976034976,-71.62004994519,0.385,-1.25
579579310877185485,6.544959450541714,-71.62033720782172,19.149416614419547,0.5901815085405318,6.54496219711,-71.62033237288,0.908,-0.922
579579310877185701,6.326182107774926,-71.60881377006031,19.11711477627013,0.5983518659057196,6.32617953138,-71.60880771717,0.315,-1.004
579579379596662018,6.17494839308496,-71.61722843865886,19.29724147503007,0.5417663148422491,6.17494939068,-71.61722541356,0.305,-1.257
579586045385906245,6.954171899993373,-71.69715826279437,19.313804311799977,0.6186048695374637,6.95417412946,-71.69715526907,0.666,-1.489
579586045385906432,6.962103902226467,-71.71765942581393,19.16587328261105,0.4978003470039347,6.96210489144,-71.71765628723,0.597,-1.14
